customer_id,customer_name,total_orders,total_spent
71,"Arjun Meyer",7,13984.60
123,"Uma Meyer",5,12722.14
154,"Yusuf Jensen",5,11699.67
105,"Deniz Tanaka",5,11459.02
181,"Victor Vargas",5,10554.55
147,"Karim Bauer",5,8940.78
81,"Sven Gupta",5,8879.35
76,"Chloe Wagner",7,8488.17
169,"Ibrahim Torres",3,8014.94
161,"Elena Kumar",6,7637.32
82,"David Johnson",3,7599.14
55,"Yara Moreau",4,7175.99
126,"Pedro Ibrahim",5,7114.86
188,"Ibrahim Gomez",4,7087.90
122,"Hugo Ahmed",4,6875.44
199,"Isaac Schmidt",5,6825.40
37,"Ivan Rossi",2,6770.81
187,"Yusuf Moreau",4,6740.21
113,"Lina Hoffmann",3,6739.13
12,"Maria Hansen",3,6703.54
70,"Mila Mendes",3,6570.14
170,"Grace Moreau",4,6429.13
155,"Sven Zhang",2,6068.49
88,"Ines Khan",4,5985.30
198,"Maya Larsen",4,5943.02
13,"Tomas Demir",2,5934.83
189,"Ibrahim Clark",5,5905.08
42,"Theo Bennett",5,5766.82
3,"Ana Demir",4,5563.45
54,"Ruby Schmidt",2,5492.31
33,"Deniz Andersen",4,5459.94
41,"Mateo Wilson",2,5453.95
21,"Victor Demir",4,5450.43
75,"Leo Young",2,5272.73
100,"Karim Taylor",2,5268.56
64,"Julia Wilson",7,5182.56
124,"Mei Kowalski",4,5159.87
110,"Theo Oliveira",4,5134.43
98,"Carla Gupta",4,5119.76
49,"Leo Shah",3,5098.99
158,"Anna Chen",4,5054.42
15,"Fatima Yilmaz",2,4921.48
27,"Tariq Kowalski",1,4917.11
193,"Hana Yilmaz",3,4910.79
28,"Nour Miller",2,4868.40
45,"Nadia Brown",4,4853.39
173,"Marco Yilmaz",2,4814.81
192,"Jack Kowalski",3,4766.49
94,"Karim Sato",4,4709.90
18,"Rosa Hansen",2,4649.66
132,"Carla Bauer",3,4639.59
182,"Priya Lopez",3,4584.34
5,"Ines Kumar",4,4578.92
135,"Paula Schmidt",1,4574.66
157,"Chloe Khan",2,4567.80
62,"Nina Andersen",2,4561.11
164,"Chen Zhang",2,4530.46
44,"Jack Sousa",1,4468.88
136,"Jack Wang",1,4454.61
25,"Jonas Davis",1,4293.65
162,"Arjun Becker",2,4266.92
38,"Sam Weber",2,4252.26
1,"Lucas Baker",1,4220.29
29,"Ben Yilmaz",3,4154.80
78,"Lena Evans",2,4136.55
87,"Sofia Patel",2,4099.73
84,"Theo Chen",4,4045.63
66,"Liam Jansen",4,3985.60
20,"Sven Mendes",3,3971.77
6,"Rafael Patel",2,3917.80
156,"Mateo Carter",4,3809.52
148,"Hugo Lee",3,3793.99
86,"Rosa Khan",6,3792.39
4,"Carlos Demir",2,3769.27
32,"Nina Bennett",2,3752.40
119,"Emma Schmidt",2,3739.30
65,"Deniz Martin",2,3653.53
109,"Wei Hansen",3,3639.82
133,"Maria Mendes",2,3618.28
46,"Omar Dubois",3,3615.14
107,"Ines Nakamura",3,3565.16
77,"David Kowalski",3,3551.95
166,"Tomas Clark",1,3526.62
159,"Tariq Sato",1,3462.19
127,"Deniz Carter",3,3418.60
111,"Julia Patel",1,3228.34
