month,total_orders,total_items_sold,total_revenue
2020-01,7,28,7483.50
2020-02,11,33,19280.68
2020-03,11,48,10994.66
2020-04,13,31,17392.46
2020-05,15,51,18387.16
2020-06,10,49,7079.29
2020-07,11,26,16645.30
2020-08,4,21,8667.01
2020-09,12,67,9189.18
2020-10,10,42,10913.84
2020-11,8,33,6329.93
2020-12,17,60,11900.59
2021-01,14,47,12790.51
2021-02,11,45,18762.04
2021-03,10,54,18533.45
2021-04,14,69,15987.94
2021-05,9,51,11141.26
2021-06,9,45,11300.16
2021-07,9,41,12009.23
2021-08,10,20,17833.38
2021-09,10,26,9815.77
2021-10,9,26,21838.59
2021-11,11,32,8280.59
2021-12,13,41,25218.13
2022-01,13,45,12186.32
2022-02,4,21,2291.21
2022-03,8,38,6089.45
2022-04,11,54,11545.85
2022-05,12,45,9266.70
2022-06,12,45,18109.98
2022-07,16,62,21326.57
2022-08,16,64,11990.35
2022-09,5,26,5290.51
2022-10,10,47,14409.70
2022-11,7,30,5255.22
2022-12,9,51,9428.26
2023-01,11,43,8707.34
2023-02,5,21,7747.00
2023-03,7,31,10871.85
2023-04,10,54,21019.25
2023-05,9,38,9222.13
2023-06,14,60,15577.75
2023-07,10,38,11224.31
2023-08,7,23,10968.19
2023-09,9,38,11688.89
2023-10,15,42,25072.77
2023-11,12,50,9876.94
2023-12,10,38,5084.39
