order_id,customer_id,customer_name,total_amount,order_date
298,29,"Ben Yilmaz",4108.65,"2020-01-06 15:21:24"
365,65,"Deniz Martin",791.38,"2020-01-11 07:59:17"
58,170,"Grace Moreau",20.14,"2020-01-14 21:45:03"
328,50,"David Patel",891.20,"2020-01-24 11:40:05"
55,4,"Carlos Demir",35.43,"2020-01-26 17:24:30"
371,174,"Alice Nguyen",224.17,"2020-01-31 12:35:00"
101,134,"Arjun Baker",1412.53,"2020-01-31 15:33:48"
238,185,"Diego Vargas",2062.54,"2020-02-09 17:32:00"
475,144,"Anna Nakamura",877.52,"2020-02-11 18:17:21"
408,31,"Ibrahim Bauer",10.14,"2020-02-18 21:19:23"
150,5,"Ines Kumar",3504.86,"2020-02-20 10:43:15"
447,148,"Hugo Lee",102.41,"2020-02-20 19:17:57"
97,62,"Nina Andersen",2677.19,"2020-02-22 14:11:27"
368,46,"Omar Dubois",318.57,"2020-02-25 21:34:20"
269,48,"Sofia Andersen",801.89,"2020-02-28 11:59:11"
342,12,"Maria Hansen",4333.24,"2020-02-28 15:37:23"
137,66,"Liam Jansen",175.44,"2020-02-28 20:28:54"
352,113,"Lina Hoffmann",4416.88,"2020-02-29 11:25:31"
111,199,"Isaac Schmidt",836.17,"2020-03-01 19:09:53"
78,117,"Liam Park",5.32,"2020-03-07 14:00:19"
63,161,"Elena Kumar",1481.70,"2020-03-10 20:37:25"
41,178,"Jade Gupta",1443.80,"2020-03-11 15:18:15"
263,64,"Julia Wilson",495.81,"2020-03-16 09:20:04"
104,6,"Rafael Patel",609.34,"2020-03-16 17:33:24"
278,126,"Pedro Ibrahim",2051.23,"2020-03-16 20:23:03"
375,98,"Carla Gupta",40.30,"2020-03-17 10:16:41"
200,153,"Olivia Smith",2520.21,"2020-03-18 13:42:31"
304,130,"Leo Meyer",118.65,"2020-03-18 21:13:57"
386,85,"Chloe Walker",1392.13,"2020-03-26 14:46:18"
107,81,"Sven Gupta",10.90,"2020-04-01 08:45:29"
467,74,"Karim Nguyen",5.28,"2020-04-03 18:47:16"
210,15,"Fatima Yilmaz",4233.94,"2020-04-06 19:40:33"
251,107,"Ines Nakamura",33.32,"2020-04-07 07:17:33"
178,42,"Theo Bennett",2620.62,"2020-04-07 18:52:37"
40,79,"Chen Novak",2849.69,"2020-04-09 07:11:15"
493,89,"Deniz Ibrahim",1842.95,"2020-04-11 10:12:24"
379,187,"Yusuf Moreau",19.28,"2020-04-13 19:51:52"
421,45,"Nadia Brown",1848.45,"2020-04-17 19:19:29"
495,153,"Olivia Smith",31.73,"2020-04-17 20:59:49"
449,82,"David Johnson",2926.57,"2020-04-22 22:02:10"
441,160,"Hannah Hassan",660.43,"2020-04-24 19:21:31"
86,116,"Lena Clark",309.30,"2020-04-26 20:38:35"
119,149,"Noah Ruiz",1217.99,"2020-05-03 19:13:44"
425,88,"Ines Khan",3138.51,"2020-05-04 11:51:56"
320,71,"Arjun Meyer",1989.06,"2020-05-05 18:27:19"
254,194,"Julia Reyes",1631.33,"2020-05-06 17:50:08"
175,32,"Nina Bennett",3733.26,"2020-05-09 15:17:50"
423,33,"Deniz Andersen",5.82,"2020-05-12 21:12:30"
498,174,"Alice Nguyen",36.24,"2020-05-12 22:34:47"
389,94,"Karim Sato",516.71,"2020-05-14 11:49:49"
62,105,"Deniz Tanaka",13.95,"2020-05-14 17:13:30"
226,196,"Paula Lee",1242.94,"2020-05-14 20:05:13"
154,38,"Sam Weber",1872.26,"2020-05-15 09:54:27"
443,74,"Karim Nguyen",572.18,"2020-05-16 17:08:26"
197,76,"Chloe Wagner",825.21,"2020-05-19 00:20:26"
277,189,"Ibrahim Clark",922.02,"2020-05-21 20:11:44"
167,109,"Wei Hansen",669.68,"2020-05-26 22:51:31"
229,117,"Liam Park",61.02,"2020-06-04 08:39:07"
166,32,"Nina Bennett",19.14,"2020-06-04 22:18:09"
383,64,"Julia Wilson",44.09,"2020-06-05 16:59:32"
353,89,"Deniz Ibrahim",574.01,"2020-06-12 12:57:24"
413,9,"Lucas Miller",545.13,"2020-06-13 17:04:52"
176,117,"Liam Park",51.46,"2020-06-15 00:29:35"
223,157,"Chloe Khan",636.47,"2020-06-18 21:43:07"
334,76,"Chloe Wagner",39.64,"2020-06-25 22:14:46"
272,100,"Karim Taylor",4447.42,"2020-06-27 07:48:38"
358,54,"Ruby Schmidt",660.91,"2020-06-27 20:39:07"
420,45,"Nadia Brown",6.24,"2020-07-03 15:00:39"
244,84,"Theo Chen",53.41,"2020-07-04 09:18:53"
478,157,"Chloe Khan",3931.33,"2020-07-07 01:54:24"
418,22,"Zara Klein",780.92,"2020-07-08 17:53:20"
458,177,"Felix Andersen",1086.18,"2020-07-10 17:10:26"
152,136,"Jack Wang",4454.61,"2020-07-13 13:40:13"
366,82,"David Johnson",141.08,"2020-07-16 17:28:27"
394,78,"Lena Evans",4118.19,"2020-07-23 11:42:16"
274,19,"Grace Taylor",947.95,"2020-07-27 15:39:43"
147,158,"Anna Chen",829.21,"2020-07-27 18:33:20"
435,81,"Sven Gupta",296.18,"2020-07-30 13:28:03"
464,181,"Victor Vargas",4737.72,"2020-08-03 08:33:20"
356,84,"Theo Chen",3908.30,"2020-08-13 20:17:16"
489,188,"Ibrahim Gomez",7.03,"2020-08-20 12:48:49"
439,152,"Pedro Gomez",13.96,"2020-08-31 17:22:02"
139,112,"Carlos Davis",22.09,"2020-09-08 18:05:40"
71,64,"Julia Wilson",80.21,"2020-09-11 17:01:13"
208,8,"Ravi Singh",39.79,"2020-09-13 00:40:25"
492,161,"Elena Kumar",40.05,"2020-09-13 07:34:47"
330,57,"Rafael Fischer",943.88,"2020-09-17 11:53:00"
131,19,"Grace Taylor",8.95,"2020-09-18 02:33:37"
315,117,"Liam Park",6.96,"2020-09-23 17:23:32"
37,112,"Carlos Davis",854.08,"2020-09-23 22:29:04"
341,65,"Deniz Martin",2862.15,"2020-09-26 15:10:56"
476,14,"Anna Larsen",22.47,"2020-09-26 20:24:41"
444,90,"Ibrahim Baker",510.35,"2020-09-28 08:20:08"
93,18,"Rosa Hansen",3798.20,"2020-09-28 13:12:35"
397,28,"Nour Miller",13.67,"2020-10-05 15:05:47"
207,21,"Victor Demir",368.33,"2020-10-05 19:19:26"
312,73,"James Klein",1927.98,"2020-10-14 13:34:21"
404,76,"Chloe Wagner",684.24,"2020-10-14 20:14:25"
73,198,"Maya Larsen",3675.03,"2020-10-16 09:39:22"
94,30,"Elena Brown",160.16,"2020-10-16 17:42:39"
387,181,"Victor Vargas",1073.55,"2020-10-24 18:40:41"
319,20,"Sven Mendes",2435.01,"2020-10-26 08:31:13"
335,113,"Lina Hoffmann",40.24,"2020-10-26 21:59:00"
209,86,"Rosa Khan",535.63,"2020-10-30 16:58:52"
264,110,"Theo Oliveira",1600.02,"2020-11-11 17:39:13"
6,8,"Ravi Singh",154.37,"2020-11-13 16:58:57"
34,40,"Carlos Baker",112.06,"2020-11-16 10:40:21"
470,160,"Hannah Hassan",685.50,"2020-11-17 10:16:07"
22,45,"Nadia Brown",15.40,"2020-11-22 19:43:34"
115,12,"Maria Hansen",13.01,"2020-11-23 22:54:05"
427,68,"Laura Johnson",15.73,"2020-11-27 15:55:21"
340,4,"Carlos Demir",3733.84,"2020-11-28 17:23:49"
436,110,"Theo Oliveira",54.49,"2020-12-02 08:52:54"
138,43,"Tariq Adams",24.53,"2020-12-03 15:36:37"
308,163,"Ivan Singh",5.65,"2020-12-05 10:29:33"
338,189,"Ibrahim Clark",278.41,"2020-12-06 19:19:33"
292,173,"Marco Yilmaz",2547.66,"2020-12-07 11:37:39"
143,83,"Zara Lopez",81.46,"2020-12-13 16:09:39"
103,192,"Jack Kowalski",18.48,"2020-12-14 18:55:10"
360,142,"Elena Ahmed",143.18,"2020-12-15 06:43:11"
255,118,"Nadia Schmidt",109.03,"2020-12-16 12:40:36"
179,115,"Carla Hughes",25.53,"2020-12-16 18:08:39"
148,124,"Mei Kowalski",4715.63,"2020-12-17 18:08:53"
354,11,"Theo Ali",351.34,"2020-12-21 09:16:59"
72,183,"Mohamed Dubois",5.75,"2020-12-24 13:16:23"
180,191,"Yusuf Garcia",59.71,"2020-12-25 16:00:29"
241,41,"Mateo Wilson",3398.38,"2020-12-25 22:26:30"
25,102,"Wei Meyer",19.13,"2020-12-26 05:07:11"
376,3,"Ana Demir",62.23,"2020-12-26 13:59:10"
193,184,"Ibrahim Ahmed",5.41,"2021-01-06 07:23:15"
83,144,"Anna Nakamura",6.66,"2021-01-07 15:45:18"
407,76,"Chloe Wagner",2649.43,"2021-01-07 17:47:23"
424,16,"Zara Khan",962.79,"2021-01-08 09:03:05"
403,141,"Nour Rossi",47.09,"2021-01-08 18:25:55"
373,112,"Carlos Davis",153.09,"2021-01-09 17:20:17"
121,190,"Maria Oliveira",1321.31,"2021-01-10 19:08:32"
242,161,"Elena Kumar",4069.44,"2021-01-14 18:48:43"
38,19,"Grace Taylor",70.66,"2021-01-15 12:54:54"
405,150,"Selin Tanaka",5.09,"2021-01-16 11:45:56"
431,152,"Pedro Gomez",88.83,"2021-01-20 00:04:09"
313,169,"Ibrahim Torres",3252.96,"2021-01-26 10:43:35"
220,87,"Sofia Patel",148.59,"2021-01-28 13:57:07"
186,73,"James Klein",9.16,"2021-01-31 23:05:15"
217,30,"Elena Brown",1276.96,"2021-02-02 19:28:49"
204,114,"Zara Adams",338.71,"2021-02-02 22:18:42"
129,105,"Deniz Tanaka",2269.04,"2021-02-05 10:30:44"
214,55,"Yara Moreau",608.49,"2021-02-07 16:43:05"
184,66,"Liam Jansen",145.15,"2021-02-09 17:02:52"
474,42,"Theo Bennett",175.19,"2021-02-11 16:05:24"
288,41,"Mateo Wilson",2055.57,"2021-02-15 01:51:16"
336,152,"Pedro Gomez",761.56,"2021-02-17 17:56:08"
410,188,"Ibrahim Gomez",1593.55,"2021-02-18 20:57:20"
445,28,"Nour Miller",4854.73,"2021-02-22 20:53:13"
140,105,"Deniz Tanaka",4683.09,"2021-02-23 18:47:36"
388,128,"Deniz Dubois",504.82,"2021-03-06 11:53:15"
202,22,"Zara Klein",1708.73,"2021-03-06 20:59:28"
279,66,"Liam Jansen",3440.32,"2021-03-15 20:35:20"
24,189,"Ibrahim Clark",2917.88,"2021-03-16 18:54:42"
291,127,"Deniz Carter",1855.14,"2021-03-17 20:16:58"
392,155,"Sven Zhang",2937.58,"2021-03-18 09:03:17"
224,83,"Zara Lopez",731.40,"2021-03-20 09:53:28"
417,59,"Pedro Carter",222.55,"2021-03-20 14:47:48"
91,81,"Sven Gupta",3982.13,"2021-03-29 18:24:21"
43,86,"Rosa Khan",232.90,"2021-03-30 21:10:11"
481,175,"Nina Smith",238.06,"2021-04-01 18:51:16"
191,153,"Olivia Smith",302.99,"2021-04-02 03:59:06"
343,76,"Chloe Wagner",9.12,"2021-04-03 13:01:44"
59,195,"Tariq Wilson",1660.25,"2021-04-06 05:42:17"
231,88,"Ines Khan",9.12,"2021-04-06 16:15:36"
455,172,"Carla Dubois",77.78,"2021-04-08 12:53:32"
454,21,"Victor Demir",2318.51,"2021-04-08 14:15:18"
36,77,"David Kowalski",18.41,"2021-04-09 11:28:41"
249,127,"Deniz Carter",1268.70,"2021-04-09 18:43:00"
265,47,"Nina Jensen",2522.76,"2021-04-11 23:50:41"
465,123,"Uma Meyer",4869.32,"2021-04-13 18:10:55"
488,127,"Deniz Carter",294.76,"2021-04-24 19:12:14"
5,8,"Ravi Singh",1568.30,"2021-04-25 21:09:58"
349,112,"Carlos Davis",829.86,"2021-04-28 15:54:11"
307,79,"Chen Novak",80.47,"2021-05-03 09:44:53"
293,186,"Ravi Bennett",73.68,"2021-05-03 17:04:31"
294,198,"Maya Larsen",725.41,"2021-05-07 06:15:18"
199,90,"Ibrahim Baker",649.97,"2021-05-09 08:14:07"
51,20,"Sven Mendes",294.34,"2021-05-15 18:18:09"
4,126,"Pedro Ibrahim",4322.92,"2021-05-16 16:59:45"
309,17,"Elena Weber",38.17,"2021-05-23 10:26:08"
164,158,"Anna Chen",39.78,"2021-05-24 23:19:37"
384,55,"Yara Moreau",4916.52,"2021-05-27 16:51:24"
400,17,"Elena Weber",11.81,"2021-06-02 08:52:47"
142,14,"Anna Larsen",981.28,"2021-06-02 20:12:34"
415,71,"Arjun Meyer",17.98,"2021-06-03 17:21:17"
67,36,"Liam Ahmed",162.44,"2021-06-09 05:17:03"
173,183,"Mohamed Dubois",1974.52,"2021-06-09 21:51:32"
174,1,"Lucas Baker",4220.29,"2021-06-16 20:03:31"
372,144,"Anna Nakamura",1275.13,"2021-06-18 10:30:38"
311,126,"Pedro Ibrahim",186.45,"2021-06-19 18:27:59"
88,21,"Victor Demir",2470.26,"2021-06-28 16:10:23"
381,131,"Hana Flores",280.91,"2021-07-01 10:04:08"
377,135,"Paula Schmidt",4574.66,"2021-07-08 19:24:32"
350,34,"Jade Nakamura",5.00,"2021-07-12 20:23:59"
57,123,"Uma Meyer",1640.37,"2021-07-20 08:20:17"
130,149,"Noah Ruiz",1686.07,"2021-07-20 20:47:09"
9,182,"Priya Lopez",101.73,"2021-07-25 22:24:46"
322,151,"Paula Khan",1269.50,"2021-07-26 15:20:20"
347,106,"Ivan Flores",2435.19,"2021-07-27 23:49:06"
211,109,"Wei Hansen",15.80,"2021-07-31 09:51:32"
165,37,"Ivan Rossi",3232.04,"2021-08-01 20:29:08"
225,9,"Lucas Miller",265.48,"2021-08-02 17:37:31"
285,189,"Ibrahim Clark",1596.71,"2021-08-03 11:36:32"
289,46,"Omar Dubois",26.57,"2021-08-04 07:15:09"
477,145,"Laura Klein",333.17,"2021-08-04 15:29:26"
192,74,"Karim Nguyen",2385.35,"2021-08-13 16:26:02"
491,154,"Yusuf Jensen",4950.19,"2021-08-21 17:08:53"
348,147,"Karim Bauer",4688.09,"2021-08-22 18:49:11"
299,124,"Mei Kowalski",14.00,"2021-08-24 00:42:58"
280,137,"Maria Young",341.78,"2021-08-25 12:49:27"
499,33,"Deniz Andersen",62.48,"2021-09-13 17:26:09"
181,98,"Carla Gupta",861.45,"2021-09-17 08:06:06"
487,118,"Nadia Schmidt",811.19,"2021-09-18 13:47:35"
442,162,"Arjun Becker",1539.20,"2021-09-18 17:46:33"
286,21,"Victor Demir",293.33,"2021-09-20 11:23:29"
122,45,"Nadia Brown",2983.30,"2021-09-20 20:44:31"
203,58,"Hana Klein",2252.32,"2021-09-22 12:05:41"
85,29,"Ben Yilmaz",36.36,"2021-09-24 11:53:47"
406,156,"Mateo Carter",124.68,"2021-09-24 23:47:39"
364,18,"Rosa Hansen",851.46,"2021-09-30 19:33:23"
355,100,"Karim Taylor",821.14,"2021-10-02 08:36:48"
125,71,"Arjun Meyer",4840.81,"2021-10-04 17:17:27"
232,171,"Ethan Bauer",917.78,"2021-10-15 07:38:52"
146,164,"Chen Zhang",4519.67,"2021-10-19 20:14:18"
110,31,"Ibrahim Bauer",1431.09,"2021-10-20 11:26:36"
64,6,"Rafael Patel",3308.46,"2021-10-22 21:22:28"
53,181,"Victor Vargas",1628.67,"2021-10-24 09:04:02"
247,132,"Carla Bauer",218.59,"2021-10-24 11:48:13"
70,98,"Carla Gupta",4152.38,"2021-10-29 19:01:44"
325,74,"Karim Nguyen",5.00,"2021-11-07 18:27:33"
479,190,"Maria Oliveira",22.71,"2021-11-08 23:31:47"
468,151,"Paula Khan",1164.04,"2021-11-11 05:49:35"
345,147,"Karim Bauer",295.36,"2021-11-14 09:16:25"
374,120,"Yusuf Kowalski",262.21,"2021-11-16 01:16:55"
171,79,"Chen Novak",55.05,"2021-11-18 17:27:33"
318,88,"Ines Khan",2459.12,"2021-11-19 07:23:23"
367,3,"Ana Demir",7.23,"2021-11-20 18:53:44"
116,152,"Pedro Gomez",520.91,"2021-11-24 20:49:26"
113,96,"Grace Kaya",26.77,"2021-11-26 08:39:32"
75,159,"Tariq Sato",3462.19,"2021-11-29 19:53:41"
155,64,"Julia Wilson",8.32,"2021-12-02 18:15:11"
419,94,"Karim Sato",221.30,"2021-12-03 12:52:00"
194,199,"Isaac Schmidt",241.32,"2021-12-05 01:21:23"
466,81,"Sven Gupta",4582.58,"2021-12-08 17:56:46"
321,70,"Mila Mendes",16.66,"2021-12-08 18:45:35"
84,148,"Hugo Lee",3682.48,"2021-12-09 14:32:25"
463,42,"Theo Bennett",11.69,"2021-12-09 21:52:55"
362,125,"Tomas Brown",5.00,"2021-12-11 21:20:52"
303,86,"Rosa Khan",2727.70,"2021-12-15 21:21:32"
29,87,"Sofia Patel",3951.14,"2021-12-16 09:19:02"
275,75,"Leo Young",4772.51,"2021-12-18 08:15:38"
27,193,"Hana Yilmaz",4900.55,"2021-12-31 12:53:39"
437,158,"Anna Chen",96.88,"2021-12-31 18:23:02"
399,158,"Anna Chen",4088.55,"2022-01-02 21:10:39"
15,86,"Rosa Khan",82.59,"2022-01-03 13:51:15"
136,61,"Sara Kowalski",5.16,"2022-01-04 12:23:15"
28,55,"Yara Moreau",1644.74,"2022-01-10 11:24:35"
250,141,"Nour Rossi",43.82,"2022-01-10 17:39:29"
52,89,"Deniz Ibrahim",148.46,"2022-01-11 16:36:09"
402,17,"Elena Weber",5.04,"2022-01-17 14:52:14"
10,125,"Tomas Brown",1344.05,"2022-01-17 21:15:22"
450,64,"Julia Wilson",59.60,"2022-01-21 01:55:39"
351,181,"Victor Vargas",1470.08,"2022-01-25 14:57:58"
333,90,"Ibrahim Baker",2033.21,"2022-01-25 16:38:36"
17,49,"Leo Shah",12.47,"2022-01-26 12:04:28"
422,132,"Carla Bauer",1248.55,"2022-01-29 22:47:30"
99,139,"Leo Costa",357.83,"2022-02-10 23:53:16"
60,188,"Ibrahim Gomez",1029.84,"2022-02-12 13:50:31"
47,81,"Sven Gupta",7.56,"2022-02-14 15:01:40"
235,116,"Lena Clark",895.98,"2022-02-18 18:01:45"
281,62,"Nina Andersen",1883.92,"2022-03-01 09:27:16"
361,71,"Arjun Meyer",25.95,"2022-03-01 20:35:10"
190,115,"Carla Hughes",5.08,"2022-03-02 14:55:07"
233,199,"Isaac Schmidt",371.94,"2022-03-11 08:08:49"
317,154,"Yusuf Jensen",3593.57,"2022-03-11 09:09:16"
26,110,"Theo Oliveira",53.89,"2022-03-18 14:55:57"
240,86,"Rosa Khan",47.96,"2022-03-22 17:58:59"
267,165,"Sara Gomez",107.14,"2022-03-24 11:57:05"
396,199,"Isaac Schmidt",3988.25,"2022-04-01 14:01:19"
248,187,"Yusuf Moreau",10.65,"2022-04-02 10:09:46"
33,111,"Julia Patel",3228.34,"2022-04-04 17:03:05"
77,56,"Isaac Park",1353.38,"2022-04-05 16:26:18"
95,30,"Elena Brown",124.88,"2022-04-07 19:43:07"
153,105,"Deniz Tanaka",222.68,"2022-04-13 05:51:24"
369,96,"Grace Kaya",37.57,"2022-04-16 19:37:44"
49,64,"Julia Wilson",2532.94,"2022-04-19 18:26:00"
61,69,"Oscar Young",7.73,"2022-04-21 21:01:54"
301,156,"Mateo Carter",34.13,"2022-04-27 21:47:44"
168,97,"Chloe Carter",5.30,"2022-04-28 14:10:48"
144,147,"Karim Bauer",248.56,"2022-05-06 15:22:12"
45,20,"Sven Mendes",1242.42,"2022-05-08 19:52:03"
451,43,"Tariq Adams",10.78,"2022-05-09 16:00:28"
296,141,"Nour Rossi",761.21,"2022-05-15 21:58:47"
100,50,"David Patel",1343.80,"2022-05-20 10:24:44"
227,23,"Amir Bennett",121.72,"2022-05-22 17:32:05"
2,43,"Tariq Adams",294.16,"2022-05-25 08:40:43"
161,160,"Hannah Hassan",14.11,"2022-05-25 10:25:26"
332,193,"Hana Yilmaz",5.09,"2022-05-27 14:39:54"
414,170,"Grace Moreau",3232.42,"2022-05-31 08:24:01"
327,192,"Jack Kowalski",1987.41,"2022-05-31 16:21:31"
257,117,"Liam Park",5.02,"2022-05-31 16:24:40"
284,78,"Lena Evans",18.36,"2022-06-04 00:54:13"
363,3,"Ana Demir",3024.51,"2022-06-10 10:33:43"
276,85,"Chloe Walker",1300.04,"2022-06-10 12:08:40"
3,5,"Ines Kumar",8.53,"2022-06-11 23:09:33"
151,91,"Victor Adams",6.24,"2022-06-14 09:42:24"
314,51,"Isaac Hughes",1425.92,"2022-06-14 11:19:39"
266,147,"Karim Bauer",640.85,"2022-06-15 10:18:12"
76,49,"Leo Shah",4617.47,"2022-06-16 18:34:20"
434,166,"Tomas Clark",3526.62,"2022-06-18 09:28:49"
359,191,"Yusuf Garcia",22.14,"2022-06-24 13:48:10"
128,178,"Jade Gupta",21.92,"2022-06-27 17:42:38"
108,133,"Maria Mendes",3497.38,"2022-06-30 16:33:41"
382,17,"Elena Weber",999.37,"2022-07-02 20:16:05"
323,146,"Jade Flores",5.00,"2022-07-03 19:10:47"
30,94,"Karim Sato",3628.20,"2022-07-05 18:51:55"
395,191,"Yusuf Garcia",924.83,"2022-07-06 17:37:20"
198,64,"Julia Wilson",1961.59,"2022-07-07 14:23:17"
496,182,"Priya Lopez",4352.49,"2022-07-07 16:54:20"
446,7,"Yara Reyes",887.69,"2022-07-12 09:10:42"
339,171,"Ethan Bauer",269.91,"2022-07-12 14:44:33"
262,59,"Pedro Carter",52.77,"2022-07-16 19:13:39"
497,123,"Uma Meyer",1944.05,"2022-07-18 00:26:36"
282,95,"Andre Hansen",257.50,"2022-07-19 00:16:32"
160,38,"Sam Weber",2380.00,"2022-07-21 11:42:24"
287,86,"Rosa Khan",165.61,"2022-07-24 01:37:05"
316,154,"Yusuf Jensen",2745.65,"2022-07-24 14:28:40"
13,189,"Ibrahim Clark",190.06,"2022-07-26 17:10:05"
213,169,"Ibrahim Torres",561.85,"2022-07-31 08:50:24"
195,161,"Elena Kumar",27.15,"2022-08-03 21:46:15"
90,75,"Leo Young",500.22,"2022-08-03 22:44:11"
259,190,"Maria Oliveira",435.63,"2022-08-05 12:12:58"
149,54,"Ruby Schmidt",4831.40,"2022-08-07 00:54:04"
472,116,"Lena Clark",117.45,"2022-08-07 08:50:13"
16,8,"Ravi Singh",5.38,"2022-08-12 11:56:46"
48,197,"Ravi Schmidt",704.10,"2022-08-13 19:10:20"
109,126,"Pedro Ibrahim",524.56,"2022-08-16 20:35:10"
169,190,"Maria Oliveira",148.23,"2022-08-19 14:47:39"
20,125,"Tomas Brown",31.86,"2022-08-20 14:18:18"
480,47,"Nina Jensen",6.39,"2022-08-22 09:40:58"
482,112,"Carlos Davis",13.20,"2022-08-23 22:02:52"
329,112,"Carlos Davis",5.16,"2022-08-24 12:37:48"
295,133,"Maria Mendes",120.90,"2022-08-24 16:21:43"
243,19,"Grace Taylor",1516.54,"2022-08-26 11:55:42"
412,101,"Priya Lopez",3002.18,"2022-08-28 20:47:10"
212,106,"Ivan Flores",6.80,"2022-09-09 19:16:41"
245,3,"Ana Demir",2469.48,"2022-09-15 22:52:37"
390,115,"Carla Hughes",23.27,"2022-09-21 15:57:13"
189,48,"Sofia Andersen",5.00,"2022-09-24 11:20:45"
460,77,"David Kowalski",2785.96,"2022-09-24 15:45:56"
483,123,"Uma Meyer",419.07,"2022-10-05 19:27:30"
324,122,"Hugo Ahmed",1629.11,"2022-10-13 09:27:44"
133,161,"Elena Kumar",463.41,"2022-10-15 19:21:02"
453,61,"Sara Kowalski",78.63,"2022-10-16 07:44:42"
50,155,"Sven Zhang",3130.91,"2022-10-17 16:42:25"
337,192,"Jack Kowalski",2760.60,"2022-10-18 09:06:29"
92,102,"Wei Meyer",63.80,"2022-10-20 09:29:06"
106,173,"Marco Yilmaz",2267.15,"2022-10-26 10:40:38"
409,142,"Elena Ahmed",1052.82,"2022-10-27 19:54:36"
357,122,"Hugo Ahmed",2544.20,"2022-10-31 11:11:52"
256,17,"Elena Weber",119.72,"2022-11-01 18:26:39"
246,182,"Priya Lopez",130.12,"2022-11-02 09:21:35"
385,128,"Deniz Dubois",2281.90,"2022-11-07 16:09:31"
494,126,"Pedro Ibrahim",29.70,"2022-11-07 17:20:26"
162,172,"Carla Dubois",2001.21,"2022-11-10 17:39:29"
206,26,"Mei Martin",5.03,"2022-11-20 07:04:23"
306,15,"Fatima Yilmaz",687.54,"2022-11-30 18:44:38"
370,57,"Rafael Fischer",7.30,"2022-12-03 09:50:18"
8,187,"Yusuf Moreau",3493.24,"2022-12-08 12:19:27"
44,77,"David Kowalski",747.58,"2022-12-13 14:19:57"
239,92,"Ravi Hansen",146.05,"2022-12-15 09:47:24"
82,107,"Ines Nakamura",1952.62,"2022-12-15 19:47:39"
21,71,"Arjun Meyer",2601.51,"2022-12-20 13:13:52"
258,197,"Ravi Schmidt",5.28,"2022-12-23 11:39:26"
429,168,"Jack Smith",400.14,"2022-12-24 18:56:50"
283,101,"Priya Lopez",74.54,"2022-12-26 19:18:48"
182,196,"Paula Lee",1382.00,"2023-01-09 13:23:48"
145,200,"Priya Smith",376.88,"2023-01-09 18:38:23"
426,198,"Maya Larsen",53.98,"2023-01-12 14:33:19"
302,63,"Carla Becker",1087.24,"2023-01-18 21:39:51"
132,200,"Priya Smith",26.35,"2023-01-20 12:59:34"
158,9,"Lucas Miller",20.20,"2023-01-20 19:37:27"
260,93,"Paula Wilson",455.29,"2023-01-22 13:08:54"
126,181,"Victor Vargas",1644.53,"2023-01-24 19:36:18"
433,122,"Hugo Ahmed",495.64,"2023-01-25 20:00:43"
114,191,"Yusuf Garcia",66.51,"2023-01-29 22:44:08"
54,165,"Sara Gomez",3098.72,"2023-01-30 21:47:22"
42,40,"Carlos Baker",259.82,"2023-02-05 20:11:51"
469,29,"Ben Yilmaz",9.79,"2023-02-13 21:48:08"
452,76,"Chloe Wagner",3914.16,"2023-02-18 20:45:21"
196,37,"Ivan Rossi",3538.77,"2023-02-19 17:05:22"
80,160,"Hannah Hassan",24.46,"2023-02-20 23:04:23"
344,123,"Uma Meyer",3849.33,"2023-03-06 16:29:19"
428,183,"Mohamed Dubois",11.79,"2023-03-07 19:22:19"
187,71,"Arjun Meyer",6.45,"2023-03-08 13:08:28"
305,72,"Carla Shah",183.17,"2023-03-14 10:22:08"
7,113,"Lina Hoffmann",2282.01,"2023-03-14 11:20:03"
297,114,"Zara Adams",7.61,"2023-03-17 12:46:27"
156,82,"David Johnson",4531.49,"2023-03-24 09:07:16"
159,25,"Jonas Davis",4293.65,"2023-04-05 09:14:18"
12,122,"Hugo Ahmed",2206.49,"2023-04-12 17:51:13"
105,67,"Marco Nguyen",212.79,"2023-04-13 15:37:29"
331,27,"Tariq Kowalski",4917.11,"2023-04-14 13:15:33"
270,55,"Yara Moreau",6.24,"2023-04-14 20:03:38"
221,13,"Tomas Demir",2479.64,"2023-04-15 09:03:34"
398,156,"Mateo Carter",1246.47,"2023-04-16 11:33:25"
393,33,"Deniz Andersen",2125.63,"2023-04-25 15:41:09"
31,194,"Julia Reyes",76.04,"2023-04-26 10:29:13"
300,13,"Tomas Demir",3455.19,"2023-04-28 21:47:35"
216,98,"Carla Gupta",65.63,"2023-05-03 15:31:07"
326,73,"James Klein",23.23,"2023-05-05 08:53:05"
18,17,"Elena Weber",6.56,"2023-05-10 18:00:28"
234,170,"Grace Moreau",66.63,"2023-05-11 18:50:36"
123,40,"Carlos Baker",969.31,"2023-05-22 11:13:21"
135,168,"Jack Smith",347.52,"2023-05-22 19:41:11"
485,46,"Omar Dubois",3270.00,"2023-05-24 20:20:34"
177,93,"Paula Wilson",15.77,"2023-05-30 13:59:54"
11,188,"Ibrahim Gomez",4457.48,"2023-05-31 22:18:24"
261,110,"Theo Oliveira",3426.03,"2023-06-01 10:55:12"
461,52,"Carla Kim",30.18,"2023-06-02 19:13:44"
19,184,"Ibrahim Ahmed",26.94,"2023-06-04 21:35:15"
222,147,"Karim Bauer",3067.92,"2023-06-05 19:30:54"
141,5,"Ines Kumar",902.22,"2023-06-12 13:32:02"
448,73,"James Klein",810.23,"2023-06-15 12:53:55"
69,42,"Theo Bennett",2016.72,"2023-06-24 17:56:02"
39,148,"Hugo Lee",9.10,"2023-06-25 10:19:00"
218,187,"Yusuf Moreau",3217.04,"2023-06-25 15:15:54"
237,125,"Tomas Brown",76.11,"2023-06-25 17:30:06"
486,194,"Julia Reyes",328.34,"2023-06-27 13:08:48"
228,174,"Alice Nguyen",568.61,"2023-06-29 11:49:55"
471,52,"Carla Kim",629.26,"2023-06-30 12:38:50"
118,49,"Leo Shah",469.05,"2023-06-30 18:37:08"
473,11,"Theo Ali",1564.81,"2023-07-06 10:24:52"
456,198,"Maya Larsen",1488.60,"2023-07-07 12:06:59"
127,124,"Mei Kowalski",420.69,"2023-07-10 17:18:53"
457,152,"Pedro Gomez",109.12,"2023-07-16 07:04:05"
117,43,"Tariq Adams",20.12,"2023-07-16 17:22:50"
14,161,"Elena Kumar",1555.57,"2023-07-17 14:24:56"
74,154,"Yusuf Jensen",169.45,"2023-07-19 18:36:15"
440,70,"Mila Mendes",4990.28,"2023-07-26 01:30:41"
411,84,"Theo Chen",26.16,"2023-07-27 13:18:37"
98,96,"Grace Kaya",879.51,"2023-07-29 09:17:36"
253,156,"Mateo Carter",2404.24,"2023-08-05 21:20:20"
89,70,"Mila Mendes",1563.20,"2023-08-09 11:41:31"
56,61,"Sara Kowalski",6.55,"2023-08-11 14:09:53"
65,170,"Grace Moreau",3109.94,"2023-08-12 16:24:12"
391,53,"Elif Hoffmann",198.01,"2023-08-13 22:32:49"
102,33,"Deniz Andersen",3266.01,"2023-08-20 20:12:01"
157,31,"Ibrahim Bauer",420.24,"2023-08-26 19:30:40"
124,12,"Maria Hansen",2357.29,"2023-09-01 17:07:31"
46,119,"Emma Schmidt",1685.80,"2023-09-04 09:38:02"
432,84,"Theo Chen",57.76,"2023-09-08 06:07:31"
68,5,"Ines Kumar",163.31,"2023-09-15 13:45:09"
170,88,"Ines Khan",378.55,"2023-09-15 19:58:08"
79,154,"Yusuf Jensen",240.81,"2023-09-18 09:17:14"
163,167,"Anna Baker",78.49,"2023-09-21 12:24:32"
188,176,"Zara Jansen",2224.04,"2023-09-21 12:30:40"
172,71,"Arjun Meyer",4502.84,"2023-09-28 19:54:19"
230,105,"Deniz Tanaka",4270.26,"2023-10-02 16:26:19"
1,195,"Tariq Wilson",324.37,"2023-10-02 21:35:13"
273,107,"Ines Nakamura",1579.22,"2023-10-05 21:49:34"
430,76,"Chloe Wagner",366.37,"2023-10-06 16:49:34"
271,169,"Ibrahim Torres",4200.13,"2023-10-09 13:56:15"
459,96,"Grace Kaya",1266.90,"2023-10-09 21:10:37"
401,152,"Pedro Gomez",945.99,"2023-10-10 21:56:43"
490,132,"Carla Bauer",3172.45,"2023-10-11 21:33:04"
484,43,"Tariq Adams",35.62,"2023-10-13 14:37:03"
205,193,"Hana Yilmaz",5.15,"2023-10-18 19:50:37"
120,44,"Jack Sousa",4468.88,"2023-10-22 09:50:53"
438,66,"Liam Jansen",224.69,"2023-10-23 20:23:43"
87,2,"Ruby Costa",5.18,"2023-10-24 09:15:24"
380,109,"Wei Hansen",2954.34,"2023-10-28 18:50:21"
416,138,"Ravi Hansen",1253.22,"2023-10-29 13:02:16"
236,11,"Theo Ali",117.77,"2023-11-03 11:25:08"
32,43,"Tariq Adams",5.04,"2023-11-03 14:44:45"
500,171,"Ethan Bauer",209.60,"2023-11-06 21:57:12"
112,58,"Hana Klein",892.04,"2023-11-09 22:22:45"
35,121,"Lena Taylor",35.90,"2023-11-10 19:22:20"
185,69,"Oscar Young",244.00,"2023-11-11 10:35:59"
215,10,"Hugo Mendes",372.02,"2023-11-12 20:44:39"
378,162,"Arjun Becker",2727.72,"2023-11-14 13:10:28"
462,60,"Jonas Bauer",2943.33,"2023-11-18 08:45:13"
201,34,"Jade Nakamura",236.11,"2023-11-19 16:37:22"
183,119,"Emma Schmidt",2053.50,"2023-11-20 13:34:56"
268,22,"Zara Klein",39.91,"2023-11-29 08:58:48"
346,42,"Theo Bennett",942.60,"2023-12-06 11:08:46"
310,50,"David Patel",27.90,"2023-12-07 10:31:34"
219,106,"Ivan Flores",115.41,"2023-12-07 14:09:50"
290,199,"Isaac Schmidt",1387.72,"2023-12-07 16:49:04"
134,164,"Chen Zhang",10.79,"2023-12-09 04:00:14"
252,51,"Isaac Hughes",289.00,"2023-12-11 13:31:56"
96,124,"Mei Kowalski",9.55,"2023-12-17 17:59:50"
23,94,"Karim Sato",343.69,"2023-12-24 14:58:37"
66,131,"Hana Flores",662.38,"2023-12-25 08:47:06"
81,141,"Nour Rossi",1295.35,"2023-12-28 22:11:06"
