customer_id,customer_name,total_orders,total_spent,customer_segment
71,"Arjun Meyer",7,13984.60,"High Value"
123,"Uma Meyer",5,12722.14,"High Value"
154,"Yusuf Jensen",5,11699.67,"High Value"
105,"Deniz Tanaka",5,11459.02,"High Value"
181,"Victor Vargas",5,10554.55,"High Value"
147,"Karim Bauer",5,8940.78,"Medium Value"
81,"Sven Gupta",5,8879.35,"Medium Value"
76,"Chloe Wagner",7,8488.17,"Medium Value"
169,"Ibrahim Torres",3,8014.94,"Medium Value"
161,"Elena Kumar",6,7637.32,"Medium Value"
82,"David Johnson",3,7599.14,"Medium Value"
55,"Yara Moreau",4,7175.99,"Medium Value"
126,"Pedro Ibrahim",5,7114.86,"Medium Value"
188,"Ibrahim Gomez",4,7087.90,"Medium Value"
122,"Hugo Ahmed",4,6875.44,"Medium Value"
199,"Isaac Schmidt",5,6825.40,"Medium Value"
37,"Ivan Rossi",2,6770.81,"Medium Value"
187,"Yusuf Moreau",4,6740.21,"Medium Value"
113,"Lina Hoffmann",3,6739.13,"Medium Value"
12,"Maria Hansen",3,6703.54,"Medium Value"
70,"Mila Mendes",3,6570.14,"Medium Value"
170,"Grace Moreau",4,6429.13,"Medium Value"
155,"Sven Zhang",2,6068.49,"Medium Value"
88,"Ines Khan",4,5985.30,"Medium Value"
198,"Maya Larsen",4,5943.02,"Medium Value"
13,"Tomas Demir",2,5934.83,"Medium Value"
189,"Ibrahim Clark",5,5905.08,"Medium Value"
42,"Theo Bennett",5,5766.82,"Medium Value"
3,"Ana Demir",4,5563.45,"Medium Value"
54,"Ruby Schmidt",2,5492.31,"Medium Value"
33,"Deniz Andersen",4,5459.94,"Medium Value"
41,"Mateo Wilson",2,5453.95,"Medium Value"
21,"Victor Demir",4,5450.43,"Medium Value"
75,"Leo Young",2,5272.73,"Medium Value"
100,"Karim Taylor",2,5268.56,"Medium Value"
64,"Julia Wilson",7,5182.56,"Medium Value"
124,"Mei Kowalski",4,5159.87,"Medium Value"
110,"Theo Oliveira",4,5134.43,"Medium Value"
98,"Carla Gupta",4,5119.76,"Medium Value"
49,"Leo Shah",3,5098.99,"Medium Value"
158,"Anna Chen",4,5054.42,"Medium Value"
15,"Fatima Yilmaz",2,4921.48,"Low Value"
27,"Tariq Kowalski",1,4917.11,"Low Value"
193,"Hana Yilmaz",3,4910.79,"Low Value"
28,"Nour Miller",2,4868.40,"Low Value"
45,"Nadia Brown",4,4853.39,"Low Value"
173,"Marco Yilmaz",2,4814.81,"Low Value"
192,"Jack Kowalski",3,4766.49,"Low Value"
94,"Karim Sato",4,4709.90,"Low Value"
18,"Rosa Hansen",2,4649.66,"Low Value"
132,"Carla Bauer",3,4639.59,"Low Value"
182,"Priya Lopez",3,4584.34,"Low Value"
5,"Ines Kumar",4,4578.92,"Low Value"
135,"Paula Schmidt",1,4574.66,"Low Value"
157,"Chloe Khan",2,4567.80,"Low Value"
62,"Nina Andersen",2,4561.11,"Low Value"
164,"Chen Zhang",2,4530.46,"Low Value"
44,"Jack Sousa",1,4468.88,"Low Value"
136,"Jack Wang",1,4454.61,"Low Value"
25,"Jonas Davis",1,4293.65,"Low Value"
162,"Arjun Becker",2,4266.92,"Low Value"
38,"Sam Weber",2,4252.26,"Low Value"
1,"Lucas Baker",1,4220.29,"Low Value"
29,"Ben Yilmaz",3,4154.80,"Low Value"
78,"Lena Evans",2,4136.55,"Low Value"
87,"Sofia Patel",2,4099.73,"Low Value"
84,"Theo Chen",4,4045.63,"Low Value"
66,"Liam Jansen",4,3985.60,"Low Value"
20,"Sven Mendes",3,3971.77,"Low Value"
6,"Rafael Patel",2,3917.80,"Low Value"
156,"Mateo Carter",4,3809.52,"Low Value"
148,"Hugo Lee",3,3793.99,"Low Value"
86,"Rosa Khan",6,3792.39,"Low Value"
4,"Carlos Demir",2,3769.27,"Low Value"
32,"Nina Bennett",2,3752.40,"Low Value"
119,"Emma Schmidt",2,3739.30,"Low Value"
65,"Deniz Martin",2,3653.53,"Low Value"
109,"Wei Hansen",3,3639.82,"Low Value"
133,"Maria Mendes",2,3618.28,"Low Value"
46,"Omar Dubois",3,3615.14,"Low Value"
107,"Ines Nakamura",3,3565.16,"Low Value"
77,"David Kowalski",3,3551.95,"Low Value"
166,"Tomas Clark",1,3526.62,"Low Value"
159,"Tariq Sato",1,3462.19,"Low Value"
127,"Deniz Carter",3,3418.60,"Low Value"
111,"Julia Patel",1,3228.34,"Low Value"
165,"Sara Gomez",2,3205.86,"Low Value"
90,"Ibrahim Baker",3,3193.53,"Low Value"
58,"Hana Klein",2,3144.36,"Low Value"
101,"Priya Lopez",2,3076.72,"Low Value"
79,"Chen Novak",3,2985.21,"Low Value"
74,"Karim Nguyen",4,2967.81,"Low Value"
60,"Jonas Bauer",1,2943.33,"Low Value"
149,"Noah Ruiz",2,2904.06,"Low Value"
153,"Olivia Smith",3,2854.93,"Low Value"
128,"Deniz Dubois",2,2786.72,"Low Value"
73,"James Klein",4,2770.60,"Low Value"
85,"Chloe Walker",2,2692.17,"Low Value"
196,"Paula Lee",2,2624.94,"Low Value"
89,"Deniz Ibrahim",3,2565.42,"Low Value"
106,"Ivan Flores",3,2557.40,"Low Value"
19,"Grace Taylor",4,2544.10,"Low Value"
22,"Zara Klein",3,2529.56,"Low Value"
47,"Nina Jensen",2,2529.15,"Low Value"
152,"Pedro Gomez",6,2440.37,"Low Value"
151,"Paula Khan",2,2433.54,"Low Value"
50,"David Patel",3,2262.90,"Low Value"
176,"Zara Jansen",1,2224.04,"Low Value"
96,"Grace Kaya",4,2210.75,"Low Value"
144,"Anna Nakamura",3,2159.31,"Low Value"
141,"Nour Rossi",4,2147.47,"Low Value"
172,"Carla Dubois",2,2078.99,"Low Value"
185,"Diego Vargas",1,2062.54,"Low Value"
194,"Julia Reyes",3,2035.71,"Low Value"
11,"Theo Ali",3,2033.92,"Low Value"
183,"Mohamed Dubois",3,1992.06,"Low Value"
195,"Tariq Wilson",2,1984.62,"Low Value"
190,"Maria Oliveira",4,1927.88,"Low Value"
112,"Carlos Davis",6,1877.48,"Low Value"
31,"Ibrahim Bauer",3,1861.47,"Low Value"
8,"Ravi Singh",4,1767.84,"Low Value"
51,"Isaac Hughes",2,1714.92,"Low Value"
30,"Elena Brown",3,1562.00,"Low Value"
178,"Jade Gupta",2,1465.72,"Low Value"
125,"Tomas Brown",4,1457.02,"Low Value"
134,"Arjun Baker",1,1412.53,"Low Value"
171,"Ethan Bauer",3,1397.29,"Low Value"
160,"Hannah Hassan",4,1384.50,"Low Value"
56,"Isaac Park",1,1353.38,"Low Value"
40,"Carlos Baker",3,1341.19,"Low Value"
116,"Lena Clark",3,1322.73,"Low Value"
138,"Ravi Hansen",1,1253.22,"Low Value"
142,"Elena Ahmed",2,1196.00,"Low Value"
17,"Elena Weber",6,1180.67,"Low Value"
63,"Carla Becker",1,1087.24,"Low Value"
177,"Felix Andersen",1,1086.18,"Low Value"
191,"Yusuf Garcia",4,1073.19,"Low Value"
14,"Anna Larsen",2,1003.75,"Low Value"
16,"Zara Khan",1,962.79,"Low Value"
57,"Rafael Fischer",2,951.18,"Low Value"
131,"Hana Flores",2,943.29,"Low Value"
118,"Nadia Schmidt",2,920.22,"Low Value"
7,"Yara Reyes",1,887.69,"Low Value"
9,"Lucas Miller",3,830.81,"Low Value"
174,"Alice Nguyen",3,829.02,"Low Value"
83,"Zara Lopez",2,812.86,"Low Value"
48,"Sofia Andersen",2,806.89,"Low Value"
168,"Jack Smith",2,747.66,"Low Value"
197,"Ravi Schmidt",2,709.38,"Low Value"
52,"Carla Kim",2,659.44,"Low Value"
93,"Paula Wilson",2,471.06,"Low Value"
200,"Priya Smith",2,403.23,"Low Value"
43,"Tariq Adams",6,390.25,"Low Value"
10,"Hugo Mendes",1,372.02,"Low Value"
139,"Leo Costa",1,357.83,"Low Value"
114,"Zara Adams",2,346.32,"Low Value"
137,"Maria Young",1,341.78,"Low Value"
145,"Laura Klein",1,333.17,"Low Value"
59,"Pedro Carter",2,275.32,"Low Value"
120,"Yusuf Kowalski",1,262.21,"Low Value"
95,"Andre Hansen",1,257.50,"Low Value"
69,"Oscar Young",2,251.73,"Low Value"
34,"Jade Nakamura",2,241.11,"Low Value"
175,"Nina Smith",1,238.06,"Low Value"
67,"Marco Nguyen",1,212.79,"Low Value"
53,"Elif Hoffmann",1,198.01,"Low Value"
72,"Carla Shah",1,183.17,"Low Value"
36,"Liam Ahmed",1,162.44,"Low Value"
92,"Ravi Hansen",1,146.05,"Low Value"
117,"Liam Park",5,129.78,"Low Value"
23,"Amir Bennett",1,121.72,"Low Value"
130,"Leo Meyer",1,118.65,"Low Value"
61,"Sara Kowalski",3,90.34,"Low Value"
102,"Wei Meyer",2,82.93,"Low Value"
167,"Anna Baker",1,78.49,"Low Value"
186,"Ravi Bennett",1,73.68,"Low Value"
115,"Carla Hughes",3,53.88,"Low Value"
121,"Lena Taylor",1,35.90,"Low Value"
184,"Ibrahim Ahmed",2,32.35,"Low Value"
68,"Laura Johnson",1,15.73,"Low Value"
91,"Victor Adams",1,6.24,"Low Value"
163,"Ivan Singh",1,5.65,"Low Value"
97,"Chloe Carter",1,5.30,"Low Value"
2,"Ruby Costa",1,5.18,"Low Value"
150,"Selin Tanaka",1,5.09,"Low Value"
26,"Mei Martin",1,5.03,"Low Value"
146,"Jade Flores",1,5.00,"Low Value"
