customer_id,customer_name,total_orders,total_spent,average_order_value
71,"Arjun Meyer",7,13984.60,1997.80
123,"Uma Meyer",5,12722.14,2544.43
154,"Yusuf Jensen",5,11699.67,2339.93
105,"Deniz Tanaka",5,11459.02,2291.80
181,"Victor Vargas",5,10554.55,2110.91
147,"Karim Bauer",5,8940.78,1788.16
81,"Sven Gupta",5,8879.35,1775.87
76,"Chloe Wagner",7,8488.17,1212.60
169,"Ibrahim Torres",3,8014.94,2671.65
161,"Elena Kumar",6,7637.32,1272.89
82,"David Johnson",3,7599.14,2533.05
55,"Yara Moreau",4,7175.99,1794.00
126,"Pedro Ibrahim",5,7114.86,1422.97
188,"Ibrahim Gomez",4,7087.90,1771.98
122,"Hugo Ahmed",4,6875.44,1718.86
199,"Isaac Schmidt",5,6825.40,1365.08
37,"Ivan Rossi",2,6770.81,3385.41
187,"Yusuf Moreau",4,6740.21,1685.05
113,"Lina Hoffmann",3,6739.13,2246.38
12,"Maria Hansen",3,6703.54,2234.51
70,"Mila Mendes",3,6570.14,2190.05
170,"Grace Moreau",4,6429.13,1607.28
155,"Sven Zhang",2,6068.49,3034.25
88,"Ines Khan",4,5985.30,1496.33
198,"Maya Larsen",4,5943.02,1485.76
13,"Tomas Demir",2,5934.83,2967.42
189,"Ibrahim Clark",5,5905.08,1181.02
42,"Theo Bennett",5,5766.82,1153.36
3,"Ana Demir",4,5563.45,1390.86
54,"Ruby Schmidt",2,5492.31,2746.16
33,"Deniz Andersen",4,5459.94,1364.99
41,"Mateo Wilson",2,5453.95,2726.98
21,"Victor Demir",4,5450.43,1362.61
75,"Leo Young",2,5272.73,2636.37
100,"Karim Taylor",2,5268.56,2634.28
64,"Julia Wilson",7,5182.56,740.37
124,"Mei Kowalski",4,5159.87,1289.97
110,"Theo Oliveira",4,5134.43,1283.61
98,"Carla Gupta",4,5119.76,1279.94
49,"Leo Shah",3,5098.99,1699.66
158,"Anna Chen",4,5054.42,1263.61
15,"Fatima Yilmaz",2,4921.48,2460.74
27,"Tariq Kowalski",1,4917.11,4917.11
193,"Hana Yilmaz",3,4910.79,1636.93
28,"Nour Miller",2,4868.40,2434.20
45,"Nadia Brown",4,4853.39,1213.35
173,"Marco Yilmaz",2,4814.81,2407.41
192,"Jack Kowalski",3,4766.49,1588.83
94,"Karim Sato",4,4709.90,1177.48
18,"Rosa Hansen",2,4649.66,2324.83
132,"Carla Bauer",3,4639.59,1546.53
182,"Priya Lopez",3,4584.34,1528.11
5,"Ines Kumar",4,4578.92,1144.73
135,"Paula Schmidt",1,4574.66,4574.66
157,"Chloe Khan",2,4567.80,2283.90
62,"Nina Andersen",2,4561.11,2280.56
164,"Chen Zhang",2,4530.46,2265.23
44,"Jack Sousa",1,4468.88,4468.88
136,"Jack Wang",1,4454.61,4454.61
25,"Jonas Davis",1,4293.65,4293.65
162,"Arjun Becker",2,4266.92,2133.46
38,"Sam Weber",2,4252.26,2126.13
1,"Lucas Baker",1,4220.29,4220.29
29,"Ben Yilmaz",3,4154.80,1384.93
78,"Lena Evans",2,4136.55,2068.28
87,"Sofia Patel",2,4099.73,2049.87
84,"Theo Chen",4,4045.63,1011.41
66,"Liam Jansen",4,3985.60,996.40
20,"Sven Mendes",3,3971.77,1323.92
6,"Rafael Patel",2,3917.80,1958.90
156,"Mateo Carter",4,3809.52,952.38
148,"Hugo Lee",3,3793.99,1264.66
86,"Rosa Khan",6,3792.39,632.07
4,"Carlos Demir",2,3769.27,1884.64
32,"Nina Bennett",2,3752.40,1876.20
119,"Emma Schmidt",2,3739.30,1869.65
65,"Deniz Martin",2,3653.53,1826.77
109,"Wei Hansen",3,3639.82,1213.27
133,"Maria Mendes",2,3618.28,1809.14
46,"Omar Dubois",3,3615.14,1205.05
107,"Ines Nakamura",3,3565.16,1188.39
77,"David Kowalski",3,3551.95,1183.98
166,"Tomas Clark",1,3526.62,3526.62
159,"Tariq Sato",1,3462.19,3462.19
127,"Deniz Carter",3,3418.60,1139.53
111,"Julia Patel",1,3228.34,3228.34
165,"Sara Gomez",2,3205.86,1602.93
90,"Ibrahim Baker",3,3193.53,1064.51
58,"Hana Klein",2,3144.36,1572.18
101,"Priya Lopez",2,3076.72,1538.36
79,"Chen Novak",3,2985.21,995.07
74,"Karim Nguyen",4,2967.81,741.95
60,"Jonas Bauer",1,2943.33,2943.33
149,"Noah Ruiz",2,2904.06,1452.03
153,"Olivia Smith",3,2854.93,951.64
128,"Deniz Dubois",2,2786.72,1393.36
73,"James Klein",4,2770.60,692.65
85,"Chloe Walker",2,2692.17,1346.09
196,"Paula Lee",2,2624.94,1312.47
89,"Deniz Ibrahim",3,2565.42,855.14
106,"Ivan Flores",3,2557.40,852.47
19,"Grace Taylor",4,2544.10,636.03
22,"Zara Klein",3,2529.56,843.19
47,"Nina Jensen",2,2529.15,1264.58
152,"Pedro Gomez",6,2440.37,406.73
151,"Paula Khan",2,2433.54,1216.77
50,"David Patel",3,2262.90,754.30
176,"Zara Jansen",1,2224.04,2224.04
96,"Grace Kaya",4,2210.75,552.69
144,"Anna Nakamura",3,2159.31,719.77
141,"Nour Rossi",4,2147.47,536.87
172,"Carla Dubois",2,2078.99,1039.50
185,"Diego Vargas",1,2062.54,2062.54
194,"Julia Reyes",3,2035.71,678.57
11,"Theo Ali",3,2033.92,677.97
183,"Mohamed Dubois",3,1992.06,664.02
195,"Tariq Wilson",2,1984.62,992.31
190,"Maria Oliveira",4,1927.88,481.97
112,"Carlos Davis",6,1877.48,312.91
31,"Ibrahim Bauer",3,1861.47,620.49
8,"Ravi Singh",4,1767.84,441.96
51,"Isaac Hughes",2,1714.92,857.46
30,"Elena Brown",3,1562.00,520.67
178,"Jade Gupta",2,1465.72,732.86
125,"Tomas Brown",4,1457.02,364.26
134,"Arjun Baker",1,1412.53,1412.53
171,"Ethan Bauer",3,1397.29,465.76
160,"Hannah Hassan",4,1384.50,346.13
56,"Isaac Park",1,1353.38,1353.38
40,"Carlos Baker",3,1341.19,447.06
116,"Lena Clark",3,1322.73,440.91
138,"Ravi Hansen",1,1253.22,1253.22
142,"Elena Ahmed",2,1196.00,598.00
17,"Elena Weber",6,1180.67,196.78
63,"Carla Becker",1,1087.24,1087.24
177,"Felix Andersen",1,1086.18,1086.18
191,"Yusuf Garcia",4,1073.19,268.30
14,"Anna Larsen",2,1003.75,501.88
16,"Zara Khan",1,962.79,962.79
57,"Rafael Fischer",2,951.18,475.59
131,"Hana Flores",2,943.29,471.65
118,"Nadia Schmidt",2,920.22,460.11
7,"Yara Reyes",1,887.69,887.69
9,"Lucas Miller",3,830.81,276.94
174,"Alice Nguyen",3,829.02,276.34
83,"Zara Lopez",2,812.86,406.43
48,"Sofia Andersen",2,806.89,403.45
168,"Jack Smith",2,747.66,373.83
197,"Ravi Schmidt",2,709.38,354.69
52,"Carla Kim",2,659.44,329.72
93,"Paula Wilson",2,471.06,235.53
200,"Priya Smith",2,403.23,201.62
43,"Tariq Adams",6,390.25,65.04
10,"Hugo Mendes",1,372.02,372.02
139,"Leo Costa",1,357.83,357.83
114,"Zara Adams",2,346.32,173.16
137,"Maria Young",1,341.78,341.78
145,"Laura Klein",1,333.17,333.17
59,"Pedro Carter",2,275.32,137.66
120,"Yusuf Kowalski",1,262.21,262.21
95,"Andre Hansen",1,257.50,257.50
69,"Oscar Young",2,251.73,125.87
34,"Jade Nakamura",2,241.11,120.56
175,"Nina Smith",1,238.06,238.06
67,"Marco Nguyen",1,212.79,212.79
53,"Elif Hoffmann",1,198.01,198.01
72,"Carla Shah",1,183.17,183.17
36,"Liam Ahmed",1,162.44,162.44
92,"Ravi Hansen",1,146.05,146.05
117,"Liam Park",5,129.78,25.96
23,"Amir Bennett",1,121.72,121.72
130,"Leo Meyer",1,118.65,118.65
61,"Sara Kowalski",3,90.34,30.11
102,"Wei Meyer",2,82.93,41.47
167,"Anna Baker",1,78.49,78.49
186,"Ravi Bennett",1,73.68,73.68
115,"Carla Hughes",3,53.88,17.96
121,"Lena Taylor",1,35.90,35.90
184,"Ibrahim Ahmed",2,32.35,16.18
68,"Laura Johnson",1,15.73,15.73
91,"Victor Adams",1,6.24,6.24
163,"Ivan Singh",1,5.65,5.65
97,"Chloe Carter",1,5.30,5.30
2,"Ruby Costa",1,5.18,5.18
150,"Selin Tanaka",1,5.09,5.09
26,"Mei Martin",1,5.03,5.03
146,"Jade Flores",1,5.00,5.00
24,"Tariq Nguyen",0,NULL,NULL
35,"Uma Castro",0,NULL,NULL
39,"Oscar Kaya",0,NULL,NULL
80,"Ruby Evans",0,NULL,NULL
99,"Mia Young",0,NULL,NULL
103,"Ethan Yilmaz",0,NULL,NULL
104,"Uma Garcia",0,NULL,NULL
108,"Felix Patel",0,NULL,NULL
129,"Mia Silva",0,NULL,NULL
140,"Mila Zhang",0,NULL,NULL
143,"Maya Khan",0,NULL,NULL
179,"Sara Gomez",0,NULL,NULL
180,"Deniz Pereira",0,NULL,NULL
